"areasymbol","mukey","dom_site","dom_pct","second_site","second_pct","n_sites","tie","dom_name"
"NM600",55617,"R042BE057NM",95,"R042BE055NM",5,2,FALSE,"Bottomland, Cool Desert Grassland"
"NM600",55618,"R042BE057NM",100,NA,0,1,FALSE,"Bottomland, Cool Desert Grassland"
"NM600",55619,"R042BE057NM",100,NA,0,1,FALSE,"Bottomland, Cool Desert Grassland"
"NM600",55620,"R042BE056NM",65,"No site",20,4,FALSE,"Malpais, Cool Desert Grassland"
"NM600",55621,"R042BE056NM",78,"R042BE052NM",14,3,FALSE,"Malpais, Cool Desert Grassland"
"NM600",55622,"R042BE057NM",100,NA,0,1,FALSE,"Bottomland, Cool Desert Grassland"
"NM600",55623,"R042BE057NM",100,NA,0,1,FALSE,"Bottomland, Cool Desert Grassland"
"NM600",55624,"R042BE057NM",100,NA,0,1,FALSE,"Bottomland, Cool Desert Grassland"
"NM600",55625,"R042BE054NM",85,"No site",15,2,FALSE,"Deep Sand, Cool Desert Grassland"
"NM600",55626,"R042BE054NM",60,"R042BE053NM",40,2,FALSE,"Deep Sand, Cool Desert Grassland"
"NM600",55630,"R042BE054NM",100,NA,0,1,FALSE,"Deep Sand, Cool Desert Grassland"
"NM600",55631,"R042BE054NM",90,"R042BE051NM",5,3,FALSE,"Deep Sand, Cool Desert Grassland"
"NM600",55632,"R042BE054NM",51,"R042BE052NM",35,4,FALSE,"Deep Sand, Cool Desert Grassland"
"NM600",55633,"R042BE057NM",100,NA,0,1,FALSE,"Bottomland, Cool Desert Grassland"
"NM600",55634,"R042BE057NM",100,NA,0,1,FALSE,"Bottomland, Cool Desert Grassland"
"NM600",55635,"R042BE057NM",100,NA,0,1,FALSE,"Bottomland, Cool Desert Grassland"
"NM600",55637,"No site",100,NA,0,1,FALSE,NA
"NM600",55638,"R042BE051NM",90,"R035XG114NM",10,2,FALSE,"Sandy, Cool Desert Grassland"
"NM600",55639,"R042BE051NM",85,"R035XG114NM",10,3,FALSE,"Sandy, Cool Desert Grassland"
"NM600",55640,"R042BE057NM",90,"R042BE051NM",5,3,FALSE,"Bottomland, Cool Desert Grassland"
"NM600",55641,"R042BE055NM",85,"R042BE051NM",5,4,FALSE,"Salty Bottomland, Cool Desert Grassland"
"NM600",55642,"R042BE057NM",95,"R042BE054NM",3,3,FALSE,"Bottomland, Cool Desert Grassland"
"NM600",55643,"R042BE057NM",90,"No site",10,2,FALSE,"Bottomland, Cool Desert Grassland"
"NM600",55644,"R042BE057NM",100,NA,0,1,FALSE,"Bottomland, Cool Desert Grassland"
"NM600",55645,"R042BE055NM",85,"R042BE057NM",15,2,FALSE,"Salty Bottomland, Cool Desert Grassland"
"NM600",55646,"R042BE057NM",100,NA,0,1,FALSE,"Bottomland, Cool Desert Grassland"
"NM600",55647,"R042BE057NM",95,"R042BE056NM",5,2,FALSE,"Bottomland, Cool Desert Grassland"
"NM600",55648,"R042BE057NM",85,"No site",15,2,FALSE,"Bottomland, Cool Desert Grassland"
"NM600",55649,"R042BE057NM",100,NA,0,1,FALSE,"Bottomland, Cool Desert Grassland"
"NM600",55653,"R042BE053NM",85,"R042BE051NM",5,4,FALSE,"Gravelly Sand, Cool Desert Grassland"
"NM600",55654,"R042BE053NM",75,"R042BE054NM",15,3,FALSE,"Gravelly Sand, Cool Desert Grassland"
"NM600",55664,"R042BE052NM",93,"R042BE054NM",7,2,FALSE,"Loamy, Cool Desert Grassland"
"NM600",55665,"R042BE052NM",87,"R042BE054NM",7,3,FALSE,"Loamy, Cool Desert Grassland"
"NM600",55666,"R042BE054NM",90,"R042BE052NM",10,2,FALSE,"Deep Sand, Cool Desert Grassland"
"NM600",55667,"R042BE051NM",93,"R042BE052NM",7,2,FALSE,"Sandy, Cool Desert Grassland"
"NM600",55668,"R042BE051NM",45,"R042BE054NM",40,3,FALSE,"Sandy, Cool Desert Grassland"
"NM600",55670,"R042BE060NM",50,"R042BE052NM",40,3,FALSE,"Mesa Breaks, Cool Desert Grassland"
"NM600",55672,"R042BE051NM",85,"R042BE054NM",10,3,FALSE,"Sandy, Cool Desert Grassland"
"NM600",55677,"R042BE052NM",90,"R042BE054NM",10,2,FALSE,"Loamy, Cool Desert Grassland"
"NM600",55678,"No site",45,"R042BE056NM",40,5,FALSE,NA
"NM600",55697,"R042BE051NM",100,NA,0,1,FALSE,"Sandy, Cool Desert Grassland"
"NM600",55701,"R042BE051NM",94,"R042BE052NM",6,2,FALSE,"Sandy, Cool Desert Grassland"
"NM600",55702,"R042BE057NM",85,"R042BE051NM",8,3,FALSE,"Bottomland, Cool Desert Grassland"
"NM600",55703,"R042BE057NM",100,NA,0,1,FALSE,"Bottomland, Cool Desert Grassland"
"NM600",55704,"R042BE057NM",45,"R042BE054NM",35,3,FALSE,"Bottomland, Cool Desert Grassland"
"NM600",55705,"R042BE054NM",93,"R042BE057NM",4,3,FALSE,"Deep Sand, Cool Desert Grassland"
"NM600",55706,"R042BE057NM",100,NA,0,1,FALSE,"Bottomland, Cool Desert Grassland"
"NM600",55707,"R042BE057NM",100,NA,0,1,FALSE,"Bottomland, Cool Desert Grassland"
"NM600",55708,"R042BE052NM",90,"R042BE051NM",5,3,FALSE,"Loamy, Cool Desert Grassland"
"NM600",55709,"R042BE052NM",100,NA,0,1,FALSE,"Loamy, Cool Desert Grassland"
"NM600",55710,"R042BE052NM",69,"R042BE051NM",28,3,FALSE,"Loamy, Cool Desert Grassland"
"NM612",55750,"R042BE052NM",60,"R042BE057NM",40,2,FALSE,"Loamy, Cool Desert Grassland"
"NM612",55751,"R042BE052NM",95,"No site",5,2,FALSE,"Loamy, Cool Desert Grassland"
"NM612",55752,"R042BE056NM",65,"No site",25,4,FALSE,"Malpais, Cool Desert Grassland"
"NM612",55753,"R042BE051NM",85,"No site",15,2,FALSE,"Sandy, Cool Desert Grassland"
"NM612",55754,"R042BE057NM",90,"R042BE051NM",6,3,FALSE,"Bottomland, Cool Desert Grassland"
"NM612",55755,"R042BE052NM",95,"R042BE051NM",5,2,FALSE,"Loamy, Cool Desert Grassland"
"NM612",55756,"R042BE057NM",90,"R042BE052NM",5,3,FALSE,"Bottomland, Cool Desert Grassland"
"NM612",55757,"R042BE055NM",90,"R042BE051NM",5,3,FALSE,"Salty Bottomland, Cool Desert Grassland"
"NM612",55758,"R042BE055NM",90,"R042BE051NM",5,3,FALSE,"Salty Bottomland, Cool Desert Grassland"
"NM612",55759,"R042BE057NM",90,"R042BE055NM",6,3,FALSE,"Bottomland, Cool Desert Grassland"
"NM612",55760,"R042BE052NM",100,NA,0,1,FALSE,"Loamy, Cool Desert Grassland"
"NM612",55761,"R042BE057NM",95,"R042BE055NM",5,2,FALSE,"Bottomland, Cool Desert Grassland"
"NM612",55762,"R042BE055NM",95,"R042BE057NM",5,2,FALSE,"Salty Bottomland, Cool Desert Grassland"
"NM612",55763,"R042BE055NM",97,"R042BE057NM",3,2,FALSE,"Salty Bottomland, Cool Desert Grassland"
"NM612",55764,"R042BE055NM",97,"R042BE057NM",3,2,FALSE,"Salty Bottomland, Cool Desert Grassland"
"NM612",55765,"No site",100,NA,0,1,FALSE,NA
"NM612",55766,"R042BE054NM",100,NA,0,1,FALSE,"Deep Sand, Cool Desert Grassland"
"NM612",55767,"R042BE054NM",90,"R042BE052NM",5,3,FALSE,"Deep Sand, Cool Desert Grassland"
"NM612",55768,"R042BE054NM",85,"No site",15,2,FALSE,"Deep Sand, Cool Desert Grassland"
"NM612",55769,"R042BE054NM",95,"R042BE055NM",5,2,FALSE,"Deep Sand, Cool Desert Grassland"
"NM612",55770,"R042BE054NM",65,"R042BE051NM",30,3,FALSE,"Deep Sand, Cool Desert Grassland"
"NM612",55771,"R042BE055NM",94,"R042BE057NM",6,2,FALSE,"Salty Bottomland, Cool Desert Grassland"
"NM612",55772,"R042BE055NM",95,"R042BE057NM",5,2,FALSE,"Salty Bottomland, Cool Desert Grassland"
"NM612",55773,"R042BE055NM",95,"R042BE057NM",5,2,FALSE,"Salty Bottomland, Cool Desert Grassland"
"NM612",55774,"R042BE054NM",90,"R042BE052NM",5,3,FALSE,"Deep Sand, Cool Desert Grassland"
"NM612",55775,"R042BE054NM",100,NA,0,1,FALSE,"Deep Sand, Cool Desert Grassland"
"NM612",55776,"R042BE054NM",93,"R042BE052NM",4,3,FALSE,"Deep Sand, Cool Desert Grassland"
"NM612",55777,"R042BE054NM",90,"R042BE052NM",10,2,FALSE,"Deep Sand, Cool Desert Grassland"
"NM612",55778,"R042BE051NM",90,"R042BE055NM",5,3,FALSE,"Sandy, Cool Desert Grassland"
"NM612",55779,"R042BE055NM",57,"R042BE054NM",35,3,FALSE,"Salty Bottomland, Cool Desert Grassland"
"NM612",55780,"R042BE055NM",95,"R042BE057NM",5,2,FALSE,"Salty Bottomland, Cool Desert Grassland"
"NM612",55781,"R042BE055NM",95,"R042BE057NM",5,2,FALSE,"Salty Bottomland, Cool Desert Grassland"
"NM612",55782,"R042BE053NM",80,"R042BE052NM",20,2,FALSE,"Gravelly Sand, Cool Desert Grassland"
"NM612",55783,"R042BE053NM",90,"R042BE052NM",10,2,FALSE,"Gravelly Sand, Cool Desert Grassland"
"NM612",55787,"No site",100,NA,0,1,FALSE,NA
"NM612",55788,"R042BE051NM",90,"R042BE055NM",6,3,FALSE,"Sandy, Cool Desert Grassland"
"NM612",55789,"R042BE055NM",95,"R042BE057NM",5,2,FALSE,"Salty Bottomland, Cool Desert Grassland"
"NM612",55790,"R042BE057NM",90,"No site",10,2,FALSE,"Bottomland, Cool Desert Grassland"
"NM612",55791,"R042BE055NM",90,"R042BE051NM",5,3,FALSE,"Salty Bottomland, Cool Desert Grassland"
"NM612",55792,"R042BE055NM",98,"R042BE057NM",2,2,FALSE,"Salty Bottomland, Cool Desert Grassland"
"NM612",55793,"R042BE055NM",94,"R042BE051NM",3,3,FALSE,"Salty Bottomland, Cool Desert Grassland"
"NM612",55794,"R042BE055NM",90,"R042BE051NM",5,3,FALSE,"Salty Bottomland, Cool Desert Grassland"
"NM612",55795,"R042BE052NM",90,"R042BE057NM",7,3,FALSE,"Loamy, Cool Desert Grassland"
"NM612",55796,"R042BE055NM",95,"R042BE051NM",5,2,FALSE,"Salty Bottomland, Cool Desert Grassland"
"NM612",55797,"R042BE055NM",90,"R042BE057NM",10,2,FALSE,"Salty Bottomland, Cool Desert Grassland"
"NM612",55798,"R042BE057NM",94,"R042BE055NM",6,2,FALSE,"Bottomland, Cool Desert Grassland"
"NM612",55799,"R042BE055NM",95,"R042BE057NM",5,2,FALSE,"Salty Bottomland, Cool Desert Grassland"
"NM612",55800,"R042BE057NM",85,"No site",15,2,FALSE,"Bottomland, Cool Desert Grassland"
"NM612",55801,"R042BE057NM",90,"R042BE052NM",5,3,FALSE,"Bottomland, Cool Desert Grassland"
"NM612",55805,"R042BE051NM",90,"R042BE052NM",7,3,FALSE,"Sandy, Cool Desert Grassland"
"NM612",55806,"R042BE052NM",93,"R042BE053NM",4,3,FALSE,"Loamy, Cool Desert Grassland"
"NM612",55807,"R042BE062NM",100,NA,0,1,FALSE,"Swale, Cool Desert Grassland"
"NM612",55808,"R042BE062NM",95,"R042BE052NM",5,2,FALSE,"Swale, Cool Desert Grassland"
"NM612",55809,"No site",100,NA,0,1,FALSE,NA
"NM612",55810,"R042BE051NM",90,"R042BE052NM",10,2,FALSE,"Sandy, Cool Desert Grassland"
"NM612",55811,"R042BE054NM",91,"R042BE051NM",9,2,FALSE,"Deep Sand, Cool Desert Grassland"
"NM612",55812,"R042BE051NM",95,"R042BE054NM",5,2,FALSE,"Sandy, Cool Desert Grassland"
"NM612",55814,"R042BE054NM",93,"R042BE052NM",4,3,FALSE,"Deep Sand, Cool Desert Grassland"
"NM612",55815,"R042BE051NM",93,"R042BE054NM",4,3,FALSE,"Sandy, Cool Desert Grassland"
"NM612",55816,"R042BE052NM",93,"R042BE051NM",7,2,FALSE,"Loamy, Cool Desert Grassland"
"NM612",55817,"R042BE055NM",100,NA,0,1,FALSE,"Salty Bottomland, Cool Desert Grassland"
"NM612",55818,"R042BE060NM",50,"R042BE052NM",44,3,FALSE,"Mesa Breaks, Cool Desert Grassland"
"NM612",55819,"R042BE052NM",98,"R042BE051NM",2,2,FALSE,"Loamy, Cool Desert Grassland"
"NM612",55820,"No site",100,NA,0,1,FALSE,NA
"NM612",55821,"R042BE051NM",90,"R042BE052NM",6,3,FALSE,"Sandy, Cool Desert Grassland"
"NM612",55822,"R042BE054NM",95,"R042BE052NM",3,3,FALSE,"Deep Sand, Cool Desert Grassland"
"NM612",55824,"No site",55,"R042BE060NM",40,3,FALSE,NA
"NM612",55825,"No site",100,NA,0,1,FALSE,NA
"NM612",55826,"No site",98,"R042BE055NM",2,2,FALSE,NA
"NM612",55831,"R042BE057NM",90,"R042BE052NM",7,3,FALSE,"Bottomland, Cool Desert Grassland"
"NM612",55832,"R042BE057NM",90,"R042BE054NM",5,3,FALSE,"Bottomland, Cool Desert Grassland"
"NM612",55833,"R042BE052NM",90,"R042BE054NM",5,3,FALSE,"Loamy, Cool Desert Grassland"
"NM612",55834,"R042BE052NM",75,"R042BE061NM",25,2,FALSE,"Loamy, Cool Desert Grassland"
"NM612",55835,"R042BE052NM",93,"R035XG114NM",4,3,FALSE,"Loamy, Cool Desert Grassland"
"NM612",55836,"R042BE052NM",93,"R042BE051NM",7,2,FALSE,"Loamy, Cool Desert Grassland"
"NM612",55837,"R042BE054NM",95,"R042BE057NM",5,2,FALSE,"Deep Sand, Cool Desert Grassland"
"NM612",55838,"R042BE054NM",95,"R042BE057NM",5,2,FALSE,"Deep Sand, Cool Desert Grassland"
"NM612",55839,"R042BE054NM",90,"No site",10,2,FALSE,"Deep Sand, Cool Desert Grassland"
"NM612",55840,"R042BE051NM",100,NA,0,1,FALSE,"Sandy, Cool Desert Grassland"
"NM612",55841,"R042BE055NM",93,"R042BE052NM",4,3,FALSE,"Salty Bottomland, Cool Desert Grassland"
"NM612",55842,"R042BE055NM",90,"R042BE052NM",5,3,FALSE,"Salty Bottomland, Cool Desert Grassland"
"NM612",55843,"R042BE052NM",90,"R042BE057NM",7,3,FALSE,"Loamy, Cool Desert Grassland"
"NM612",55844,"R042BE051NM",90,"R042BE054NM",5,3,FALSE,"Sandy, Cool Desert Grassland"
"NM612",55845,"R042BE052NM",90,"R042BE057NM",5,4,FALSE,"Loamy, Cool Desert Grassland"
"NM612",55846,"R042BE057NM",97,"R042BE052NM",3,2,FALSE,"Bottomland, Cool Desert Grassland"
"NM612",55847,"No site",99,"R042BE055NM",1,2,FALSE,NA
"NM612",55848,"R042BE052NM",96,"R042BE051NM",4,2,FALSE,"Loamy, Cool Desert Grassland"
"NM612",55849,"R042BE052NM",95,"R042BE053NM",5,2,FALSE,"Loamy, Cool Desert Grassland"
"NM612",55850,"R042BE051NM",98,"R042BE052NM",2,2,FALSE,"Sandy, Cool Desert Grassland"
"NM612",55851,"R042BE051NM",95,"R042BE052NM",5,2,FALSE,"Sandy, Cool Desert Grassland"
"NM612",55852,"R042BE054NM",93,"R042BE051NM",4,3,FALSE,"Deep Sand, Cool Desert Grassland"
"NM612",55853,"R042BE051NM",55,"R042BE053NM",40,3,FALSE,"Sandy, Cool Desert Grassland"
"NM612",55854,"R042BE051NM",45,"No site",30,4,FALSE,"Sandy, Cool Desert Grassland"
"NM029",56006,"R042BB024NM",45,"R042BB011NM",40,5,FALSE,"Gravelly Sand, Desert Shrub"
"NM029",56007,"R042BB037NM",95,"No site",2,4,FALSE,"Malpais, Desert Shrub"
"NM029",56008,"R042BB037NM",97,"No site",1,4,FALSE,"Malpais, Desert Shrub"
"NM029",56009,"R042BB011NM",98,"R042BB010NM",1,3,FALSE,"Deep Sand, Desert Shrub"
"NM029",56010,"R042BB011NM",50,"R042BB012NM",35,4,FALSE,"Deep Sand, Desert Shrub"
"NM029",56011,"R042BB010NM",98,"R042BB023NM",1,3,FALSE,"Gravelly, Desert Shrub"
"NM029",56012,"R042BB012NM",97,"R042BB015NM",3,2,FALSE,"Sandy, Desert Shrub"
"NM029",56013,"R042BB011NM",85,"No site",15,2,FALSE,"Deep Sand, Desert Shrub"
"NM029",56014,"R042BB011NM",99,"R042BB023NM",1,2,FALSE,"Deep Sand, Desert Shrub"
"NM029",56015,"R070BB006NM",95,"R042BB014NM",2,4,FALSE,"Gyp Upland"
"NM029",56016,"No site",58,"R042BB011NM",33,4,FALSE,NA
"NM029",56017,"No site",100,NA,0,1,FALSE,NA
"NM029",56018,"R042BB012NM",97,"R042BB014NM",1,4,FALSE,"Sandy, Desert Shrub"
"NM029",56019,"R042BB014NM",99,"R042BB019NM",1,2,FALSE,"Loamy, Desert Shrub"
"NM029",56020,"R042BB012NM",94,"No site",2,4,FALSE,"Sandy, Desert Shrub"
"NM029",56021,"R042BB035NM",98,"R042BB010NM",1,3,FALSE,"Gravelly Loam, Desert Shrub"
"NM029",56022,"R042BB035NM",98,"R042BB010NM",1,3,FALSE,"Gravelly Loam, Desert Shrub"
"NM029",56023,"No site",100,NA,0,1,FALSE,NA
"NM029",56024,"R042BB037NM",98,"R042BB027NM",2,2,FALSE,"Malpais, Desert Shrub"
"NM029",56025,"R042BB012NM",97,"R042BB018NM",2,3,FALSE,"Sandy, Desert Shrub"
"NM029",56026,"R042BB012NM",97,"R042BB018NM",2,3,FALSE,"Sandy, Desert Shrub"
"NM029",56027,"R042BB018NM",99,"R042BB014NM",1,2,FALSE,"Bottomland, Desert Shrub"
"NM029",56028,"R070BC036NM",75,"R070BC033NM",20,4,FALSE,"Salt Flats"
"NM029",56029,"R070BC036NM",46,"R042BB011NM",45,4,FALSE,"Salt Flats"
"NM029",56030,"R042BB018NM",99,"R042BB023NM",1,2,FALSE,"Bottomland, Desert Shrub"
"NM029",56031,"R042BB014NM",99,"R042BB023NM",1,2,FALSE,"Loamy, Desert Shrub"
"NM029",56032,"R042BB018NM",99,"R042BB014NM",1,2,FALSE,"Bottomland, Desert Shrub"
"NM029",56033,"R070BC036NM",98,"R042BB012NM",1,3,FALSE,"Salt Flats"
"NM029",56034,"R070BC036NM",98,"R042BB012NM",1,3,FALSE,"Salt Flats"
"NM029",56035,"R070BC036NM",98,"R042BB012NM",1,3,FALSE,"Salt Flats"
"NM029",56036,"R042BB019NM",97,"R042BB011NM",1,4,FALSE,"Limy, Desert Shrub"
"NM029",56037,"R042BB019NM",99,"R070BC033NM",1,2,FALSE,"Limy, Desert Shrub"
"NM029",56038,"R042BB027NM",99,"R042BB023NM",1,2,FALSE,"Hills, Desert Shrub"
"NM029",56039,"R042BB027NM",70,"No site",20,4,FALSE,"Hills, Desert Shrub"
"NM029",56040,"R042BB027NM",53,"No site",40,3,FALSE,"Hills, Desert Shrub"
"NM029",56041,"R042BB021NM",66,"No site",28,4,FALSE,"Limestone Hills, Desert Shrub"
"NM029",56042,"R042BB027NM",98,"No site",1,3,FALSE,"Hills, Desert Shrub"
"NM029",56043,"R042BB023NM",65,"R042BB014NM",20,4,FALSE,"Clayey, Desert Shrub"
"NM029",56044,"R042BB018NM",99,"No site",1,2,FALSE,"Bottomland, Desert Shrub"
"NM029",56045,"R042BB014NM",99,"R042BB011NM",1,2,FALSE,"Loamy, Desert Shrub"
"NM029",56046,"R042BB012NM",98,"R042BB011NM",1,3,FALSE,"Sandy, Desert Shrub"
"NM029",56047,"R042BB012NM",99,"R042BB011NM",1,2,FALSE,"Sandy, Desert Shrub"
"NM029",56048,"R042BB014NM",98,"R042BB011NM",1,3,FALSE,"Loamy, Desert Shrub"
"NM029",56049,"R042BB023NM",98,"R042BB011NM",1,3,FALSE,"Clayey, Desert Shrub"
"NM029",56050,"R070BC033NM",99,"R070BC036NM",1,2,FALSE,"Salty Bottomland"
"NM029",56051,"R042BB018NM",100,NA,0,1,FALSE,"Bottomland, Desert Shrub"
"NM029",56052,"R042BB014NM",100,NA,0,1,FALSE,"Loamy, Desert Shrub"
"NM029",56053,"R042BB012NM",99,"R042BB014NM",1,2,FALSE,"Sandy, Desert Shrub"
"NM029",56054,"R042BB014NM",99,"R042BB012NM",1,2,FALSE,"Loamy, Desert Shrub"
"NM029",56055,"R042BB012NM",94,"No site",2,4,FALSE,"Sandy, Desert Shrub"
"NM029",56056,"R042BB010NM",98,"R042BB035NM",2,2,FALSE,"Gravelly, Desert Shrub"
"NM029",56057,"R042BB010NM",85,"R042BB035NM",8,3,FALSE,"Gravelly, Desert Shrub"
"NM029",56058,"R042BB012NM",90,"R042BB014NM",4,4,FALSE,"Sandy, Desert Shrub"
"NM029",56059,"R042BB011NM",59,"R042BB015NM",30,5,FALSE,"Deep Sand, Desert Shrub"
"NM029",56060,"No site",98,"R042BB024NM",2,2,FALSE,NA
"NM029",56061,"No site",55,"R042BB021NM",37,3,FALSE,NA
"NM029",56062,"No site",50,"R042BB027NM",40,4,FALSE,NA
"NM029",56063,"R042BB015NM",97,"R042BB012NM",2,3,FALSE,"Shallow Sandy, Desert Shrub"
"NM029",56064,"R042BB035NM",97,"R042BB011NM",1,4,FALSE,"Gravelly Loam, Desert Shrub"
"NM029",56065,"R042BB014NM",98,"R042BB011NM",1,3,FALSE,"Loamy, Desert Shrub"
"NM029",56066,"R042BB023NM",99,"R042BB012NM",1,2,FALSE,"Clayey, Desert Shrub"
"NM029",56067,"R042BB027NM",98,"R042BB010NM",2,2,FALSE,"Hills, Desert Shrub"
"NM029",56068,"R042BB035NM",96,"R042BB010NM",1,5,FALSE,"Gravelly Loam, Desert Shrub"
"NM029",56069,"R042BB011NM",95,"R042BB012NM",5,2,FALSE,"Deep Sand, Desert Shrub"
"NM029",56070,"R042BB023NM",99,"R042BB012NM",1,2,FALSE,"Clayey, Desert Shrub"
"NM029",56071,"R042BB010NM",99,"R042BB027NM",1,2,FALSE,"Gravelly, Desert Shrub"
"NM029",56072,"R042BB019NM",70,"R042BB012NM",26,5,FALSE,"Limy, Desert Shrub"
"NM029",56073,"R042BB010NM",98,"R042BB014NM",1,3,FALSE,"Gravelly, Desert Shrub"
"NM029",56074,"R042BB010NM",100,NA,0,1,FALSE,"Gravelly, Desert Shrub"
"NM029",56075,"R042BB018NM",99,"R070BC033NM",1,2,FALSE,"Bottomland, Desert Shrub"
"NM029",56076,"R070BC033NM",100,NA,0,1,FALSE,"Salty Bottomland"
"NM029",56077,"R042BB011NM",98,"R042BB012NM",1,3,FALSE,"Deep Sand, Desert Shrub"
"NM029",56078,"No site",100,NA,0,1,FALSE,NA
"NM656",56308,"R042BE052NM",55,"R042BE054NM",40,4,FALSE,"Loamy, Cool Desert Grassland"
"NM656",56313,"R042BE057NM",100,NA,0,1,FALSE,"Bottomland, Cool Desert Grassland"
"NM656",56319,"R042BE053NM",50,"R042BE054NM",30,4,FALSE,"Gravelly Sand, Cool Desert Grassland"
"NM656",56320,"R042BE051NM",87,"No site",5,4,FALSE,"Sandy, Cool Desert Grassland"
"NM656",56321,"R042BE051NM",85,"R042BE052NM",10,3,FALSE,"Sandy, Cool Desert Grassland"
"NM656",56322,"R042BE057NM",97,"No site",3,2,FALSE,"Bottomland, Cool Desert Grassland"
"NM656",56325,"R042BE051NM",100,NA,0,1,FALSE,"Sandy, Cool Desert Grassland"
"NM656",56332,"R042BE052NM",85,"R042BE054NM",15,2,FALSE,"Loamy, Cool Desert Grassland"
"NM656",56341,"R042BE054NM",92,"R042BE058NM",7,3,FALSE,"Deep Sand, Cool Desert Grassland"
"NM656",56344,"R042BE054NM",85,"R042BE052NM",12,3,FALSE,"Deep Sand, Cool Desert Grassland"
"NM656",56346,"R042BE057NM",100,NA,0,1,FALSE,"Bottomland, Cool Desert Grassland"
"NM656",56354,"R035XA112NM",45,"R035XA113NM",45,3,TRUE,"Loamy"
"NM656",56359,"R042BE057NM",100,NA,0,1,FALSE,"Bottomland, Cool Desert Grassland"
"NM656",56373,"R042BE057NM",100,NA,0,1,FALSE,"Bottomland, Cool Desert Grassland"
"NM656",56377,"R042BE057NM",100,NA,0,1,FALSE,"Bottomland, Cool Desert Grassland"
"NM656",56382,"R042BE054NM",85,"R042BE057NM",15,2,FALSE,"Deep Sand, Cool Desert Grassland"
"NM656",56421,"R042BE057NM",95,"R042BE051NM",5,2,FALSE,"Bottomland, Cool Desert Grassland"
"NM656",56422,"R042BE057NM",98,"R042BE051NM",2,2,FALSE,"Bottomland, Cool Desert Grassland"
"NM656",56425,"R042BE055NM",90,"R042BE057NM",10,2,FALSE,"Salty Bottomland, Cool Desert Grassland"
"NM656",56427,"R042BE057NM",100,NA,0,1,FALSE,"Bottomland, Cool Desert Grassland"
"NM656",56428,"R042BE057NM",100,NA,0,1,FALSE,"Bottomland, Cool Desert Grassland"
"NM656",56429,"R042BE057NM",100,NA,0,1,FALSE,"Bottomland, Cool Desert Grassland"
"NM656",56430,"R042BE055NM",85,"R042BE057NM",15,2,FALSE,"Salty Bottomland, Cool Desert Grassland"
"NM656",56431,"R042BE057NM",100,NA,0,1,FALSE,"Bottomland, Cool Desert Grassland"
"NM656",56432,"R042BE054NM",85,"R042BE052NM",5,5,FALSE,"Deep Sand, Cool Desert Grassland"
"NM656",56433,"R042BE057NM",100,NA,0,1,FALSE,"Bottomland, Cool Desert Grassland"
"NM656",56434,"R042BE057NM",100,NA,0,1,FALSE,"Bottomland, Cool Desert Grassland"
"NM656",56435,"R042BE055NM",85,"R042BE057NM",15,2,FALSE,"Salty Bottomland, Cool Desert Grassland"
"NM656",56465,"R042BE057NM",100,NA,0,1,FALSE,"Bottomland, Cool Desert Grassland"
"NM656",56466,"R042BE057NM",97,"No site",3,2,FALSE,"Bottomland, Cool Desert Grassland"
"NM656",56468,"R042BE057NM",97,"No site",3,2,FALSE,"Bottomland, Cool Desert Grassland"
"NM656",56469,"R042BE057NM",97,"No site",3,2,FALSE,"Bottomland, Cool Desert Grassland"
"NM656",56470,"R042BE057NM",97,"No site",3,2,FALSE,"Bottomland, Cool Desert Grassland"
"NM656",56471,"R042BE055NM",85,"R042BE057NM",10,3,FALSE,"Salty Bottomland, Cool Desert Grassland"
"NM660",56483,"R042BB037NM",85,"R042BB010NM",8,3,FALSE,"Malpais, Desert Shrub"
"NM660",56484,"R042BB014NM",85,"R042BB018NM",8,3,FALSE,"Loamy, Desert Shrub"
"NM660",56487,"R042BB024NM",45,"No site",35,4,FALSE,"Gravelly Sand, Desert Shrub"
"NM660",56488,"R042BB024NM",81,"R042BB011NM",19,2,FALSE,"Gravelly Sand, Desert Shrub"
"NM660",56489,"R042BB016NM",85,"R070BC033NM",15,2,FALSE,"Draw, Desert Shrub"
"NM660",56490,"R042BB016NM",93,"R042BB018NM",7,2,FALSE,"Draw, Desert Shrub"
"NM660",56491,"R042BB016NM",45,"R042BE060NM",42,4,FALSE,"Draw, Desert Shrub"
"NM660",56492,"R042BB018NM",85,"No site",15,2,FALSE,"Bottomland, Desert Shrub"
"NM660",56493,"R042BB012NM",95,"R042BB014NM",5,2,FALSE,"Sandy, Desert Shrub"
"NM660",56494,"R042BB012NM",75,"R042BB023NM",7,5,FALSE,"Sandy, Desert Shrub"
"NM660",56495,"R042BB018NM",85,"No site",15,2,FALSE,"Bottomland, Desert Shrub"
"NM660",56496,"R042BB011NM",85,"No site",15,2,FALSE,"Deep Sand, Desert Shrub"
"NM660",56497,"R042BB011NM",85,"R042BB024NM",10,3,FALSE,"Deep Sand, Desert Shrub"
"NM660",56498,"R042BB011NM",80,"No site",20,2,FALSE,"Deep Sand, Desert Shrub"
"NM660",56499,"R042BB011NM",85,"R042BB018NM",8,3,FALSE,"Deep Sand, Desert Shrub"
"NM660",56500,"R042BB011NM",85,"R042BB018NM",15,2,FALSE,"Deep Sand, Desert Shrub"
"NM660",56501,"R042BB011NM",55,"R042BB024NM",31,4,FALSE,"Deep Sand, Desert Shrub"
"NM660",56502,"R042BB010NM",45,"R042BB014NM",35,4,FALSE,"Gravelly, Desert Shrub"
"NM660",56503,"R042BB015NM",80,"R042BB012NM",14,3,FALSE,"Shallow Sandy, Desert Shrub"
"NM660",56504,"R042BB027NM",55,"No site",35,3,FALSE,"Hills, Desert Shrub"
"NM660",56505,"R042BB015NM",55,"R042BB012NM",45,2,FALSE,"Shallow Sandy, Desert Shrub"
"NM660",56506,"R042BB010NM",85,"R042BB024NM",15,2,FALSE,"Gravelly, Desert Shrub"
"NM660",56507,"R042BB010NM",58,"R042BB015NM",35,3,FALSE,"Gravelly, Desert Shrub"
"NM660",56508,"R042BB012NM",79,"R042BB014NM",8,4,FALSE,"Sandy, Desert Shrub"
"NM660",56509,"R042BB014NM",50,"R042BB010NM",44,3,FALSE,"Loamy, Desert Shrub"
"NM660",56510,"R042BB035NM",85,"R042BB010NM",15,2,FALSE,"Gravelly Loam, Desert Shrub"
"NM660",56511,"R042BB015NM",80,"No site",7,4,FALSE,"Shallow Sandy, Desert Shrub"
"NM660",56512,"R042BB018NM",93,"R042BB014NM",7,2,FALSE,"Bottomland, Desert Shrub"
"NM660",56513,"R042BB018NM",85,"No site",15,2,FALSE,"Bottomland, Desert Shrub"
"NM660",56514,"R042BB018NM",81,"R042BB024NM",7,4,FALSE,"Bottomland, Desert Shrub"
"NM660",56516,"No site",52,"R042BB027NM",25,4,FALSE,NA
"NM660",56520,"No site",40,"R042BB027NM",35,6,FALSE,NA
"NM660",56522,"R042BB014NM",85,"R042BB018NM",12,3,FALSE,"Loamy, Desert Shrub"
"NM660",56523,"R042BB014NM",85,"R042BB018NM",11,3,FALSE,"Loamy, Desert Shrub"
"NM660",56524,"R042BB033NM",85,"R042BB018NM",15,2,FALSE,"Salty Bottomland, Desert Shrub"
"NM660",56525,"R042BB023NM",85,"R042BB018NM",12,3,FALSE,"Clayey, Desert Shrub"
"NM660",56526,"R042BB013NM",80,"R042BB006NM",10,3,FALSE,"Gyp Hills, Desert Shrub"
"NM660",56527,"R042BB033NM",80,"No site",20,2,FALSE,"Salty Bottomland, Desert Shrub"
"NM660",56530,"R042BB018NM",80,"R042BB010NM",10,3,FALSE,"Bottomland, Desert Shrub"
"NM660",56531,"R042BB016NM",90,"R042BB010NM",5,3,FALSE,"Draw, Desert Shrub"
"NM660",56532,"R042BB037NM",50,"No site",35,3,FALSE,"Malpais, Desert Shrub"
"NM660",56534,"R035XG122NM",80,"R042BB012NM",12,4,FALSE,"Sandstone Hills"
"NM660",56535,"No site",42,"R042BB021NM",40,3,FALSE,NA
"NM660",56538,"R042BB016NM",85,"R042BB014NM",8,3,FALSE,"Draw, Desert Shrub"
"NM660",56539,"R042BB018NM",85,"R042BB016NM",15,2,FALSE,"Bottomland, Desert Shrub"
"NM660",56540,"R042BB014NM",100,NA,0,1,FALSE,"Loamy, Desert Shrub"
"NM660",56541,"R042BB014NM",100,NA,0,1,FALSE,"Loamy, Desert Shrub"
"NM660",56542,"R042BB012NM",38,"R042BB037NM",34,3,FALSE,"Sandy, Desert Shrub"
"NM660",56543,"R042BB018NM",94,"R042BB011NM",3,3,FALSE,"Bottomland, Desert Shrub"
"NM660",56546,"R042BB010NM",87,"R042BB035NM",7,3,FALSE,"Gravelly, Desert Shrub"
"NM660",56547,"R042BB010NM",100,NA,0,1,FALSE,"Gravelly, Desert Shrub"
"NM660",56548,"R042BB010NM",90,"No site",5,3,FALSE,"Gravelly, Desert Shrub"
"NM660",56549,"R042BB012NM",80,"R042BB011NM",20,2,FALSE,"Sandy, Desert Shrub"
"NM660",56550,"R042BB012NM",80,"R042BB014NM",10,3,FALSE,"Sandy, Desert Shrub"
"NM660",56551,"R042BB035NM",80,"R042BB010NM",20,2,FALSE,"Gravelly Loam, Desert Shrub"
"NM660",56552,"R042BB014NM",80,"R042BB012NM",10,4,FALSE,"Loamy, Desert Shrub"
"NM660",56554,"R042BB018NM",95,"R042BB014NM",5,2,FALSE,"Bottomland, Desert Shrub"
"NM660",56555,"No site",86,"R042BB010NM",7,3,FALSE,NA
"NM660",56556,"R042BB015NM",90,"R042BB010NM",10,2,FALSE,"Shallow Sandy, Desert Shrub"
"NM660",56557,"R042BB023NM",70,"R042BB012NM",8,5,FALSE,"Clayey, Desert Shrub"
"NM660",56559,"R042BB018NM",80,"No site",20,2,FALSE,"Bottomland, Desert Shrub"
"NM660",56560,"R042BB010NM",58,"No site",42,2,FALSE,"Gravelly, Desert Shrub"
"NM660",56561,"R042BB010NM",91,"No site",9,2,FALSE,"Gravelly, Desert Shrub"
"NM660",56562,"R042BB010NM",60,"R042BB035NM",40,2,FALSE,"Gravelly, Desert Shrub"
"NM660",56563,"No site",100,NA,0,1,FALSE,NA
"NM660",56565,"R042BB016NM",55,"R042BB012NM",23,3,FALSE,"Draw, Desert Shrub"
"NM660",56566,"R042BB012NM",85,"R042BB014NM",5,4,FALSE,"Sandy, Desert Shrub"
"NM660",56567,"R042BB018NM",96,"R042BB023NM",4,2,FALSE,"Bottomland, Desert Shrub"
"NM660",56568,"No site",100,NA,0,1,FALSE,NA
"NM682",56893,"R042BE057NM",92,"R042BE052NM",8,2,FALSE,"Bottomland, Cool Desert Grassland"
"NM682",56894,"R042BE057NM",88,"No site",3,5,FALSE,"Bottomland, Cool Desert Grassland"
"NM682",56901,"R042BE063NM",80,"R042BE057NM",10,4,FALSE,"Gyp Upland, Cool Desert Grassland"
"NM682",56941,"R042BE052NM",65,"R042BE051NM",24,4,FALSE,"Loamy, Cool Desert Grassland"
"NM682",56942,"R042BE052NM",50,"R042BE051NM",39,4,FALSE,"Loamy, Cool Desert Grassland"
"NM023",56992,"R042BB024NM",85,"R042BB018NM",15,2,FALSE,"Gravelly Sand, Desert Shrub"
"NM023",56993,"R042BB012NM",89,"R042BB014NM",8,3,FALSE,"Sandy, Desert Shrub"
"NM023",56994,"R042BB012NM",85,"R042BB010NM",5,4,FALSE,"Sandy, Desert Shrub"
"NM023",56995,"R042BB012NM",85,"R042BB010NM",5,4,FALSE,"Sandy, Desert Shrub"
"NM023",57000,"R042BB018NM",93,"R042BB024NM",7,2,FALSE,"Bottomland, Desert Shrub"
"NM023",57001,"R042BB010NM",85,"R042BB018NM",8,3,FALSE,"Gravelly, Desert Shrub"
"NM023",57007,"R042BB014NM",64,"R042BB035NM",30,4,FALSE,"Loamy, Desert Shrub"
"NM023",57008,"R042BB014NM",88,"No site",3,5,FALSE,"Loamy, Desert Shrub"
"NM023",57009,"R042BB014NM",85,"R042BB019NM",14,3,FALSE,"Loamy, Desert Shrub"
"NM023",57010,"R042BB012NM",85,"R041XC313AZ",5,5,FALSE,"Sandy, Desert Shrub"
"NM023",57011,"R042BB014NM",85,"R041XC313AZ",5,5,FALSE,"Loamy, Desert Shrub"
"NM023",57012,"R042BB014NM",92,"R042BB011NM",7,3,FALSE,"Loamy, Desert Shrub"
"NM023",57014,"R042BB037NM",85,"R042BB014NM",10,3,FALSE,"Malpais, Desert Shrub"
"NM023",57015,"R042BB037NM",55,"No site",45,2,FALSE,"Malpais, Desert Shrub"
"NM023",57016,"R042BB014NM",90,"R042BB011NM",5,3,FALSE,"Loamy, Desert Shrub"
"NM023",57017,"R042BB018NM",93,"R041XC312AZ",7,2,FALSE,"Bottomland, Desert Shrub"
"NM023",57018,"R042BB018NM",100,NA,0,1,FALSE,"Bottomland, Desert Shrub"
"NM023",57019,"R042BB018NM",93,"R041XC312AZ",7,2,FALSE,"Bottomland, Desert Shrub"
"NM023",57020,"R042BB037NM",55,"No site",45,2,FALSE,"Malpais, Desert Shrub"
"NM023",57021,"R042BB035NM",50,"R042BB011NM",40,4,FALSE,"Gravelly Loam, Desert Shrub"
"NM023",57022,"R070BC036NM",87,"R070BC033NM",10,4,FALSE,"Salt Flats"
"NM023",57023,"R070BC036NM",95,"R042BB018NM",2,4,FALSE,"Salt Flats"
"NM023",57024,"R070BC036NM",93,"R070BC033NM",7,2,FALSE,"Salt Flats"
"NM023",57025,"R042BB019NM",91,"R042BB014NM",3,4,FALSE,"Limy, Desert Shrub"
"NM023",57026,"R042BB019NM",90,"R042BB014NM",5,3,FALSE,"Limy, Desert Shrub"
"NM023",57027,"R042BB019NM",91,"R042BB014NM",3,4,FALSE,"Limy, Desert Shrub"
"NM023",57029,"R042BB027NM",85,"No site",4,5,FALSE,"Hills, Desert Shrub"
"NM023",57030,"R042BB027NM",50,"R042BB010NM",45,3,FALSE,"Hills, Desert Shrub"
"NM023",57031,"R042BB018NM",95,"R042BB016NM",5,2,FALSE,"Bottomland, Desert Shrub"
"NM023",57032,"R042BB014NM",85,"R042BB023NM",8,3,FALSE,"Loamy, Desert Shrub"
"NM023",57033,"R042BB012NM",85,"R042BB023NM",6,5,FALSE,"Sandy, Desert Shrub"
"NM023",57034,"R042BB018NM",91,"R070BC033NM",5,3,FALSE,"Bottomland, Desert Shrub"
"NM023",57035,"R042BB018NM",96,"R042BB016NM",4,2,FALSE,"Bottomland, Desert Shrub"
"NM023",57036,"R070BC033NM",90,"R042BB018NM",6,3,FALSE,"Salty Bottomland"
"NM023",57037,"R070BC033NM",90,"R042BB016NM",8,3,FALSE,"Salty Bottomland"
"NM023",57038,"R042BB014NM",90,"R042BB016NM",5,3,FALSE,"Loamy, Desert Shrub"
"NM023",57039,"R042BB014NM",85,"R041XC313AZ",8,3,FALSE,"Loamy, Desert Shrub"
"NM023",57040,"R042BB010NM",85,"R042BB014NM",8,4,FALSE,"Gravelly, Desert Shrub"
"NM023",57041,"R042BB010NM",49,"R042BB019NM",40,5,FALSE,"Gravelly, Desert Shrub"
"NM023",57042,"R042BB010NM",85,"R042BB011NM",4,5,FALSE,"Gravelly, Desert Shrub"
"NM023",57044,"R042BB035NM",41,"R042BB014NM",40,5,FALSE,"Gravelly Loam, Desert Shrub"
"NM023",57045,"R042BB012NM",90,"R042BB014NM",3,6,FALSE,"Sandy, Desert Shrub"
"NM023",57048,"No site",100,NA,0,1,FALSE,NA
"NM023",57051,"R042BB012NM",65,"R042BB011NM",25,4,FALSE,"Sandy, Desert Shrub"
"NM023",57052,"R042BB023NM",85,"R041XC305AZ",5,5,FALSE,"Clayey, Desert Shrub"
"NM023",57053,"R042BB012NM",85,"R042BB011NM",5,4,FALSE,"Sandy, Desert Shrub"
"NM023",57054,"R042BB023NM",85,"R041XC305AZ",5,5,FALSE,"Clayey, Desert Shrub"
"NM023",57055,"R042BB023NM",90,"R041XC313AZ",5,3,FALSE,"Clayey, Desert Shrub"
"NM023",57056,"R042BB023NM",85,"R041XC313AZ",8,3,FALSE,"Clayey, Desert Shrub"
"NM023",57057,"R042BB035NM",70,"R042BB019NM",20,3,FALSE,"Gravelly Loam, Desert Shrub"
"NM023",57058,"R042BB014NM",90,"R041XC313AZ",5,3,FALSE,"Loamy, Desert Shrub"
"NM023",57059,"R042BB014NM",85,"R042BB010NM",8,3,FALSE,"Loamy, Desert Shrub"
"NM023",57060,"R042BB023NM",75,"R070BC036NM",13,3,FALSE,"Clayey, Desert Shrub"
"NM023",57061,"R042BB010NM",93,"R042BB014NM",7,2,FALSE,"Gravelly, Desert Shrub"
"NM023",57062,"R042BB023NM",85,"R070BC036NM",8,3,FALSE,"Clayey, Desert Shrub"
"NM023",57063,"R042BB010NM",92,"R042BB014NM",8,2,FALSE,"Gravelly, Desert Shrub"
"NM023",57064,"R042BB023NM",67,"R042BB014NM",25,4,FALSE,"Clayey, Desert Shrub"
"NM023",57065,"R042BB016NM",85,"No site",13,3,FALSE,"Draw, Desert Shrub"
"NM023",57066,"R070BC033NM",100,NA,0,1,FALSE,"Salty Bottomland"
"NM023",57067,"R042BB014NM",85,"R042BB023NM",9,4,FALSE,"Loamy, Desert Shrub"
"NM023",57068,"R042BB023NM",92,"R042BB016NM",7,3,FALSE,"Clayey, Desert Shrub"
"NM023",57069,"R042BB016NM",85,"No site",13,3,FALSE,"Draw, Desert Shrub"
"NM023",57070,"R070BC033NM",99,"R042BB018NM",1,2,FALSE,"Salty Bottomland"
"NM023",57071,"R042BB014NM",100,NA,0,1,FALSE,"Loamy, Desert Shrub"
"NM023",57072,"R042BB012NM",85,"R042BB014NM",8,3,FALSE,"Sandy, Desert Shrub"
"NM023",57073,"R042BB011NM",85,"R042BB014NM",7,4,FALSE,"Deep Sand, Desert Shrub"
"NM023",57074,"R042BB011NM",100,NA,0,1,FALSE,"Deep Sand, Desert Shrub"
"NM023",57075,"R042BB011NM",100,NA,0,1,FALSE,"Deep Sand, Desert Shrub"
"NM664",57076,"R042BB028NM",90,"R042BB033NM",10,2,FALSE,"Salt Meadow, Desert Shrub"
"NM664",57077,"R042BB018NM",65,"No site",30,3,FALSE,"Bottomland, Desert Shrub"
"NM664",57078,"R042BB018NM",60,"No site",35,3,FALSE,"Bottomland, Desert Shrub"
"NM664",57079,"R042BB024NM",60,"No site",25,4,FALSE,"Gravelly Sand, Desert Shrub"
"NM664",57080,"R042BE053NM",92,"No site",4,4,FALSE,"Gravelly Sand, Cool Desert Grassland"
"NM664",57081,"R042BB024NM",90,"R042BB014NM",5,3,FALSE,"Gravelly Sand, Desert Shrub"
"NM664",57082,"R042BB018NM",100,NA,0,1,FALSE,"Bottomland, Desert Shrub"
"NM664",57083,"R042BE053NM",90,"R042BB010NM",6,4,FALSE,"Gravelly Sand, Cool Desert Grassland"
"NM664",57084,"R042BE052NM",90,"R042BB024NM",8,3,FALSE,"Loamy, Cool Desert Grassland"
"NM664",57085,"R042BB014NM",90,"R042BB018NM",10,2,FALSE,"Loamy, Desert Shrub"
"NM664",57086,"R042BB018NM",100,NA,0,1,FALSE,"Bottomland, Desert Shrub"
"NM664",57087,"R042BE055NM",90,"R042BB018NM",10,2,FALSE,"Salty Bottomland, Cool Desert Grassland"
"NM664",57088,"R042BB018NM",100,NA,0,1,FALSE,"Bottomland, Desert Shrub"
"NM664",57089,"R042BE057NM",90,"R042BB018NM",10,2,FALSE,"Bottomland, Cool Desert Grassland"
"NM664",57090,"R042BB018NM",98,"No site",2,2,FALSE,"Bottomland, Desert Shrub"
"NM664",57091,"R042BB018NM",100,NA,0,1,FALSE,"Bottomland, Desert Shrub"
"NM664",57092,"R042BB018NM",100,NA,0,1,FALSE,"Bottomland, Desert Shrub"
"NM664",57093,"R042BB018NM",100,NA,0,1,FALSE,"Bottomland, Desert Shrub"
"NM664",57094,"R042BB018NM",100,NA,0,1,FALSE,"Bottomland, Desert Shrub"
"NM664",57095,"R042BB018NM",100,NA,0,1,FALSE,"Bottomland, Desert Shrub"
"NM664",57096,"R042BB018NM",100,NA,0,1,FALSE,"Bottomland, Desert Shrub"
"NM664",57097,"R042BE057NM",90,"R042BB018NM",10,2,FALSE,"Bottomland, Cool Desert Grassland"
"NM664",57111,"R042BB018NM",100,NA,0,1,FALSE,"Bottomland, Desert Shrub"
"NM664",57124,"R042BB018NM",100,NA,0,1,FALSE,"Bottomland, Desert Shrub"
"NM664",57128,"R042BB018NM",100,NA,0,1,FALSE,"Bottomland, Desert Shrub"
"NM664",57130,"R042BB018NM",100,NA,0,1,FALSE,"Bottomland, Desert Shrub"
"NM664",57141,"R042BB018NM",100,NA,0,1,FALSE,"Bottomland, Desert Shrub"
"NM664",57142,"R042BB023NM",40,"R042BB027NM",20,6,FALSE,"Clayey, Desert Shrub"
"NM664",57143,"R042BE057NM",93,"R042BE061NM",5,3,FALSE,"Bottomland, Cool Desert Grassland"
"NM664",57144,"R042BE051NM",80,"R042BE052NM",20,2,FALSE,"Sandy, Cool Desert Grassland"
"NM664",57145,"R042BE051NM",94,"R042BE052NM",6,2,FALSE,"Sandy, Cool Desert Grassland"
"NM664",57146,"R070BC033NM",85,"R042BB033NM",15,2,FALSE,"Salty Bottomland"
"NM664",57147,"R042BE062NM",90,"R042BE061NM",9,3,FALSE,"Swale, Cool Desert Grassland"
"NM664",57148,"R070BC033NM",92,"R042BB033NM",8,2,FALSE,"Salty Bottomland"
"NM664",57149,"R042BB018NM",60,"R042BE054NM",35,3,FALSE,"Bottomland, Desert Shrub"
"NM664",57150,"R042BE054NM",85,"No site",15,2,FALSE,"Deep Sand, Cool Desert Grassland"
"NM664",57151,"R042BE053NM",88,"R042BB024NM",5,4,FALSE,"Gravelly Sand, Cool Desert Grassland"
"NM664",57152,"R042BE052NM",100,NA,0,1,FALSE,"Loamy, Cool Desert Grassland"
"NM664",57153,"R042BE051NM",85,"R042BE052NM",15,2,FALSE,"Sandy, Cool Desert Grassland"
"NM664",57154,"R042BE059NM",45,"No site",26,4,FALSE,"Limestone Hills Cool Desert Grassland"
"NM664",57155,"R042BE051NM",93,"R042BE054NM",4,4,FALSE,"Sandy, Cool Desert Grassland"
"NM664",57156,"R042BE063NM",70,"R042BE053NM",20,3,FALSE,"Gyp Upland, Cool Desert Grassland"
"NM664",57157,"R042BE053NM",92,"R042BE052NM",6,3,FALSE,"Gravelly Sand, Cool Desert Grassland"
"NM664",57158,"R042BE052NM",92,"R042BE051NM",4,3,FALSE,"Loamy, Cool Desert Grassland"
"NM664",57159,"R042BE051NM",45,"R042BE063NM",35,4,FALSE,"Sandy, Cool Desert Grassland"
"NM664",57160,"R042BE063NM",95,"R042BE061NM",5,2,FALSE,"Gyp Upland, Cool Desert Grassland"
"NM664",57161,"R042BE055NM",74,"R042BE054NM",20,4,FALSE,"Salty Bottomland, Cool Desert Grassland"
"NM664",57162,"R042BB010NM",55,"R042BE053NM",44,3,FALSE,"Gravelly, Desert Shrub"
"NM664",57163,"R042BB010NM",69,"R042BB035NM",25,3,FALSE,"Gravelly, Desert Shrub"
"NM664",57164,"R042BE061NM",90,"R042BE051NM",7,3,FALSE,"Clayey, Cool Desert Grassland"
"NM664",57165,"R042BE061NM",93,"R042BE051NM",4,3,FALSE,"Clayey, Cool Desert Grassland"
"NM664",57166,"R042BB035NM",93,"R042BE053NM",7,2,FALSE,"Gravelly Loam, Desert Shrub"
"NM664",57167,"R042BB015NM",35,"R042BB037NM",25,5,FALSE,"Shallow Sandy, Desert Shrub"
"NM664",57168,"R042BB037NM",42,"R042BB016NM",33,3,FALSE,"Malpais, Desert Shrub"
"NM664",57169,"R042BB011NM",90,"R042BE051NM",6,4,FALSE,"Deep Sand, Desert Shrub"
"NM664",57170,"R042BB027NM",90,"No site",10,2,FALSE,"Hills, Desert Shrub"
"NM664",57171,"R042BE053NM",80,"R042BE051NM",10,4,FALSE,"Gravelly Sand, Cool Desert Grassland"
"NM664",57172,"R042BE058NM",90,"No site",3,6,FALSE,"Hills, Cool Desert Grassland"
"NM664",57173,"R042BE059NM",70,"No site",20,3,FALSE,"Limestone Hills Cool Desert Grassland"
"NM662",59276,"R042BB014NM",50,"R042BB010NM",30,4,FALSE,"Loamy, Desert Shrub"
"NM662",59282,"R042BB018NM",95,"R042BB024NM",4,3,FALSE,"Bottomland, Desert Shrub"
"NM662",59287,"R070BC036NM",70,"R042BB018NM",21,3,FALSE,"Salt Flats"
"NM662",59290,"R042BB027NM",75,"No site",24,3,FALSE,"Hills, Desert Shrub"
"NM662",59291,"R042BB027NM",70,"No site",15,3,FALSE,"Hills, Desert Shrub"
"NM662",59297,"R042BB018NM",99,"No site",1,2,FALSE,"Bottomland, Desert Shrub"
"NM662",59303,"R042BB018NM",44,"R042BB024NM",30,5,FALSE,"Bottomland, Desert Shrub"
"NM662",59306,"R042BB010NM",94,"R042BB014NM",5,3,FALSE,"Gravelly, Desert Shrub"
"NM662",59321,"No site",51,"R042BB037NM",30,4,FALSE,NA
"NM662",59330,"R042BB012NM",85,"R042BB014NM",15,2,FALSE,"Sandy, Desert Shrub"
"NM662",59336,"R042BB014NM",85,"R042BB012NM",12,3,FALSE,"Loamy, Desert Shrub"
"NM662",59337,"R042BB014NM",52,"R042BB018NM",35,4,FALSE,"Loamy, Desert Shrub"
"NM662",59342,"R042BB010NM",98,"R042BB012NM",2,2,FALSE,"Gravelly, Desert Shrub"
"NM662",59343,"R042BB010NM",60,"R042BB027NM",30,3,FALSE,"Gravelly, Desert Shrub"
"NM662",59344,"R042BB010NM",85,"R042BB014NM",10,3,FALSE,"Gravelly, Desert Shrub"
"NM662",59352,"R042BB010NM",98,"R042BB014NM",2,2,FALSE,"Gravelly, Desert Shrub"
"NM662",59363,"R042BB010NM",60,"R042BB014NM",39,3,FALSE,"Gravelly, Desert Shrub"
"NM690",634529,"R042BE052NM",95,"R042BB011NM",5,2,FALSE,"Loamy, Cool Desert Grassland"
"NM690",634530,"R042BE052NM",100,NA,0,1,FALSE,"Loamy, Cool Desert Grassland"
"NM690",634531,"R042BB015NM",53,"R042BB012NM",22,5,FALSE,"Shallow Sandy, Desert Shrub"
"NM690",634532,"R042BB018NM",85,"No site",15,2,FALSE,"Bottomland, Desert Shrub"
"NM690",634533,"R042BB018NM",89,"R042BB014NM",6,3,FALSE,"Bottomland, Desert Shrub"
"NM690",634534,"R070BC028NM",92,"No site",8,2,FALSE,"Salt Meadow"
"NM690",634535,"R070BC028NM",100,NA,0,1,FALSE,"Salt Meadow"
"NM690",634536,"R042BB037NM",53,"No site",25,6,FALSE,"Malpais, Desert Shrub"
"NM690",634537,"R042BB012NM",45,"R042BB035NM",30,3,FALSE,"Sandy, Desert Shrub"
"NM690",634538,"R042BB014NM",93,"R042BB018NM",7,2,FALSE,"Loamy, Desert Shrub"
"NM690",634539,"R042BB014NM",90,"R042BB012NM",5,3,FALSE,"Loamy, Desert Shrub"
"NM690",634540,"R042BB012NM",75,"R042BB014NM",16,3,FALSE,"Sandy, Desert Shrub"
"NM690",634541,"R042BB018NM",80,"No site",20,2,FALSE,"Bottomland, Desert Shrub"
"NM690",634542,"R042BB014NM",100,NA,0,1,FALSE,"Loamy, Desert Shrub"
"NM690",634543,"R042BE052NM",89,"R042BB018NM",4,4,FALSE,"Loamy, Cool Desert Grassland"
"NM690",634544,"R042BE052NM",85,"R042BB018NM",4,5,FALSE,"Loamy, Cool Desert Grassland"
"NM690",634545,"R042BE057NM",85,"R042BB014NM",7,4,FALSE,"Bottomland, Cool Desert Grassland"
"NM690",634546,"R042BB014NM",97,"R042BB023NM",3,2,FALSE,"Loamy, Desert Shrub"
"NM690",634547,"R042BB018NM",85,"No site",15,2,FALSE,"Bottomland, Desert Shrub"
"NM690",634548,"R042BB023NM",89,"R042BB014NM",4,4,FALSE,"Clayey, Desert Shrub"
"NM690",634549,"R070BC028NM",95,"R042BB014NM",5,2,FALSE,"Salt Meadow"
"NM690",634550,"R042BB012NM",95,"R042BB011NM",5,2,FALSE,"Sandy, Desert Shrub"
"NM690",634551,"R042BB012NM",88,"R042BB014NM",4,4,FALSE,"Sandy, Desert Shrub"
"NM690",634552,"R042BB012NM",70,"R042BB011NM",30,2,FALSE,"Sandy, Desert Shrub"
"NM690",634553,"R042BB011NM",85,"No site",15,2,FALSE,"Deep Sand, Desert Shrub"
"NM690",634554,"R042BB011NM",81,"R042BB024NM",18,3,FALSE,"Deep Sand, Desert Shrub"
"NM690",634555,"R042BB011NM",75,"R042BB024NM",24,3,FALSE,"Deep Sand, Desert Shrub"
"NM690",634556,"R042BB011NM",46,"R042BB024NM",41,3,FALSE,"Deep Sand, Desert Shrub"
"NM690",634557,"R042BB011NM",80,"No site",20,2,FALSE,"Deep Sand, Desert Shrub"
"NM690",634558,"R042BB012NM",85,"R042BB014NM",10,3,FALSE,"Sandy, Desert Shrub"
"NM690",634559,"R042BB012NM",47,"R042BB015NM",45,3,FALSE,"Sandy, Desert Shrub"
"NM690",634560,"R042BB024NM",70,"R042BB011NM",29,3,FALSE,"Gravelly Sand, Desert Shrub"
"NM690",634561,"R042BB010NM",45,"R042BB012NM",45,3,TRUE,"Gravelly, Desert Shrub"
"NM690",634562,"R042BB012NM",52,"R042BB014NM",35,4,FALSE,"Sandy, Desert Shrub"
"NM690",634563,"No site",100,NA,0,1,FALSE,NA
"NM690",634564,"R042BB018NM",89,"R042BB014NM",8,3,FALSE,"Bottomland, Desert Shrub"
"NM690",634565,"R042BB018NM",85,"No site",15,2,FALSE,"Bottomland, Desert Shrub"
"NM690",634566,"R070BC036NM",85,"R042BB014NM",8,4,FALSE,"Salt Flats"
"NM690",634567,"No site",100,NA,0,1,FALSE,NA
"NM690",634568,"R042BB010NM",83,"R042BB011NM",8,4,FALSE,"Gravelly, Desert Shrub"
"NM690",634569,"R042BB014NM",94,"R042BB018NM",6,2,FALSE,"Loamy, Desert Shrub"
"NM690",634570,"R042BB014NM",93,"R042BB018NM",5,3,FALSE,"Loamy, Desert Shrub"
"NM690",634571,"R042BB033NM",90,"R042BB014NM",7,3,FALSE,"Salty Bottomland, Desert Shrub"
"NM690",634572,"R042BB014NM",92,"R042BB018NM",8,2,FALSE,"Loamy, Desert Shrub"
"NM690",634573,"R042BB019NM",40,"R042BB010NM",36,5,FALSE,"Limy, Desert Shrub"
"NM690",634574,"R042BB018NM",80,"R042BB012NM",12,4,FALSE,"Bottomland, Desert Shrub"
"NM690",634575,"R042BB015NM",52,"R042BB012NM",23,5,FALSE,"Shallow Sandy, Desert Shrub"
"NM690",634576,"R042BB027NM",55,"No site",30,3,FALSE,"Hills, Desert Shrub"
"NM690",634577,"R042BB010NM",65,"No site",35,2,FALSE,"Gravelly, Desert Shrub"
"NM690",634578,"R042BB010NM",92,"R042BB015NM",8,2,FALSE,"Gravelly, Desert Shrub"
"NM690",634579,"R042BB012NM",82,"R042BB011NM",15,3,FALSE,"Sandy, Desert Shrub"
"NM690",634580,"R042BB012NM",75,"R042BB011NM",25,2,FALSE,"Sandy, Desert Shrub"
"NM690",634581,"R042BB012NM",85,"R042BB011NM",10,3,FALSE,"Sandy, Desert Shrub"
"NM690",634582,"R042BB012NM",60,"R042BB011NM",35,3,FALSE,"Sandy, Desert Shrub"
"NM690",634583,"R042BB035NM",80,"R042BB010NM",20,2,FALSE,"Gravelly Loam, Desert Shrub"
"NM690",634584,"No site",100,NA,0,1,FALSE,NA
"NM690",634585,"No site",45,"R042BB024NM",45,3,TRUE,NA
"NM690",634588,"No site",70,"R042BB021NM",30,2,FALSE,NA
"NM690",634589,"R042BB027NM",45,"No site",40,3,FALSE,"Hills, Desert Shrub"
"NM690",634590,"R042BB015NM",56,"R042BB012NM",44,2,FALSE,"Shallow Sandy, Desert Shrub"
"NM690",634591,"R042BB018NM",45,"R042BB023NM",41,4,FALSE,"Bottomland, Desert Shrub"
"NM690",634592,"R042BB010NM",85,"R042BB015NM",15,2,FALSE,"Gravelly, Desert Shrub"
"NM690",634593,"R042BB010NM",77,"R042BB035NM",20,3,FALSE,"Gravelly, Desert Shrub"
"NM690",634594,"R042BB012NM",85,"R042BB014NM",6,5,FALSE,"Sandy, Desert Shrub"
"NM690",634595,"R042BB014NM",91,"R042BB011NM",3,4,FALSE,"Loamy, Desert Shrub"
"NM690",634596,"No site",100,NA,0,1,FALSE,NA
"NM690",634597,"R042BB012NM",73,"R042BB015NM",20,3,FALSE,"Sandy, Desert Shrub"
"NM690",634598,"R042BB012NM",60,"R042BB011NM",35,3,FALSE,"Sandy, Desert Shrub"
"TX624",696613,"R042BB018NM",90,"No site",10,2,FALSE,"Bottomland, Desert Shrub"
"TX624",696614,"No site",100,NA,0,1,FALSE,NA
"TX624",696615,"R042BB011NM",100,NA,0,1,FALSE,"Deep Sand, Desert Shrub"
"TX624",696616,"R042BB018NM",90,"No site",10,2,FALSE,"Bottomland, Desert Shrub"
"TX624",696617,"R042AC244TX",100,NA,0,1,FALSE,"Gravelly, Desert Grassland"
"TX624",696618,"R042AC244TX",100,NA,0,1,FALSE,"Gravelly, Desert Grassland"
"TX624",696619,"R042AC244TX",80,"No site",20,2,FALSE,"Gravelly, Desert Grassland"
"TX624",696620,"No site",100,NA,0,1,FALSE,NA
"TX624",696621,"R042BB018NM",90,"No site",10,2,FALSE,"Bottomland, Desert Shrub"
"TX624",696622,"R042BB018NM",90,"No site",10,2,FALSE,"Bottomland, Desert Shrub"
"TX624",696623,"R042BB018NM",90,"No site",10,2,FALSE,"Bottomland, Desert Shrub"
"TX624",696624,"R042BB018NM",90,"No site",10,2,FALSE,"Bottomland, Desert Shrub"
"TX624",696625,"R042BB018NM",90,"No site",10,2,FALSE,"Bottomland, Desert Shrub"
"TX624",696626,"R042BB018NM",90,"No site",10,2,FALSE,"Bottomland, Desert Shrub"
"TX624",696627,"R042BB018NM",90,"No site",10,2,FALSE,"Bottomland, Desert Shrub"
"TX624",696628,"R042BB012NM",80,"No site",20,2,FALSE,"Sandy, Desert Shrub"
"TX624",696630,"No site",70,"R042AC247TX",30,2,FALSE,NA
"TX624",696634,"R042BB018NM",90,"No site",10,2,FALSE,"Bottomland, Desert Shrub"
"TX624",696635,"R042BB012NM",100,NA,0,1,FALSE,"Sandy, Desert Shrub"
"TX624",696636,"R042BB018NM",90,"No site",10,2,FALSE,"Bottomland, Desert Shrub"
"TX624",696637,"R042BB018NM",90,"No site",10,2,FALSE,"Bottomland, Desert Shrub"
"TX624",696638,"R042AC244TX",100,NA,0,1,FALSE,"Gravelly, Desert Grassland"
"TX624",696640,"R042BB018NM",90,"No site",10,2,FALSE,"Bottomland, Desert Shrub"
"TX624",696641,"R042BB018NM",90,"No site",10,2,FALSE,"Bottomland, Desert Shrub"
"TX624",696643,"No site",100,NA,0,1,FALSE,NA
"TX624",699611,"No site",100,NA,0,1,FALSE,NA
"TX624",699612,"No site",100,NA,0,1,FALSE,NA
"NM023",1014490,"No site",100,NA,0,1,FALSE,NA
"NM600",1151928,"No site",100,NA,0,1,FALSE,NA
"TX627",1602283,"R042BB011NM",60,"No site",25,3,FALSE,"Deep Sand, Desert Shrub"
"TX627",1603572,"R042BB011NM",95,"No site",5,2,FALSE,"Deep Sand, Desert Shrub"
"NM688",1906473,"R042BB012NM",70,"R042BB014NM",20,3,FALSE,"Sandy, Desert Shrub"
"NM688",1906474,"R042BB011NM",85,"No site",15,2,FALSE,"Deep Sand, Desert Shrub"
"NM688",1906478,"R042BB014NM",75,"R042BB011NM",20,3,FALSE,"Loamy, Desert Shrub"
"NM688",1906495,"R042BB011NM",45,"R042BB012NM",40,3,FALSE,"Deep Sand, Desert Shrub"
"NM688",1906514,"R042BB007NM",94,"R042BB006NM",5,3,FALSE,"Gyp Outcrop, Desert Shrub"
"NM688",1906515,"R042BB023NM",32,"R042BB014NM",31,4,FALSE,"Clayey, Desert Shrub"
"NM688",1906517,"R042BB006NM",51,"R042BB014NM",26,5,FALSE,"Gyp Upland, Desert Shrub"
"NM688",1906518,"R042BB023NM",57,"R042BB014NM",33,3,FALSE,"Clayey, Desert Shrub"
"NM688",1906520,"R042BB023NM",40,"No site",20,4,FALSE,"Clayey, Desert Shrub"
"NM688",1906527,"R042BB007NM",95,"No site",5,2,FALSE,"Gyp Outcrop, Desert Shrub"
"NM688",1906529,"R042BE063NM",70,"R042BB036NM",15,4,FALSE,"Gyp Upland, Cool Desert Grassland"
"NM688",1906532,"R042BB010NM",70,"No site",30,2,FALSE,"Gravelly, Desert Shrub"
"NM688",1906535,"R042BB006NM",98,"R042BB007NM",2,2,FALSE,"Gyp Upland, Desert Shrub"
"NM688",1906536,"R042BB002NM",45,"R042BB003NM",40,3,FALSE,"Gyp Duneland Barren, Desert Shrub"
"NM688",1906537,"R042BB004NM",65,"R042BB002NM",30,3,FALSE,"Gyp Interdune (Wet), Desert Shrub"
"NM688",1906539,"R042BB007NM",87,"No site",13,2,FALSE,"Gyp Outcrop, Desert Shrub"
"NM688",1906541,"R042BB036NM",70,"R042BB033NM",25,6,FALSE,"Salt Flats, Desert Shrub"
"NM688",1906543,"R042BB007NM",92,"R042BB006NM",5,5,FALSE,"Gyp Outcrop, Desert Shrub"
"NM688",1906544,"R042BB006NM",86,"R042BB007NM",8,7,FALSE,"Gyp Upland, Desert Shrub"
"NM688",1906548,"R042BB036NM",95,"No site",5,2,FALSE,"Salt Flats, Desert Shrub"
"TX627",2109147,"R042AB736TX",63,"No site",37,2,FALSE,"Arroyo, Hot Desert Shrub"
"TX627",2109149,"R042AB736TX",85,"No site",15,2,FALSE,"Arroyo, Hot Desert Shrub"
"NM688",2373921,"R042BB011NM",50,"R042BB006NM",45,3,FALSE,"Deep Sand, Desert Shrub"
"NM688",2375412,"R042BB002NM",71,"R042BB004NM",20,3,FALSE,"Gyp Duneland Barren, Desert Shrub"
"NM688",2377378,"R042BB023NM",75,"R042BB019NM",20,3,FALSE,"Clayey, Desert Shrub"
"NM688",2383928,"R042BB002NM",95,"No site",5,2,FALSE,"Gyp Duneland Barren, Desert Shrub"
"NM688",2383931,"No site",81,"R042BB037NM",15,5,FALSE,NA
"NM688",2383934,"R042BB005NM",70,"R042BB003NM",25,3,FALSE,"Gyp Interdune (Dry), Desert Shrub"
"NM688",2394530,"R042BB006NM",63,"R042BB014NM",33,3,FALSE,"Gyp Upland, Desert Shrub"
"NM688",2394552,"R042BB006NM",85,"No site",15,2,FALSE,"Gyp Upland, Desert Shrub"
"NM688",2404296,"R042BE051NM",93,"R042BE054NM",4,4,FALSE,"Sandy, Cool Desert Grassland"
"NM688",2404297,"R042BF020NM",60,"No site",40,2,FALSE,"Limestone Hill, Desert Foothills"
"NM688",2404300,"R042BB027NM",85,"No site",15,2,FALSE,"Hills, Desert Shrub"
"NM688",2404301,"R042BB014NM",47,"R042BB006NM",38,3,FALSE,"Loamy, Desert Shrub"
"NM688",2404304,"R042BB010NM",71,"R042BB014NM",25,3,FALSE,"Gravelly, Desert Shrub"
"NM688",2406046,"R042BB028NM",88,"No site",12,2,FALSE,"Salt Meadow, Desert Shrub"
"NM688",2406632,"R042BB036NM",90,"No site",10,2,FALSE,"Salt Flats, Desert Shrub"
"NM688",2406906,"R042BB028NM",95,"No site",5,2,FALSE,"Salt Meadow, Desert Shrub"
"NM688",2407048,"R042BB036NM",95,"No site",5,2,FALSE,"Salt Flats, Desert Shrub"
"NM688",2407058,"R042BB014NM",50,"R042BB006NM",46,3,FALSE,"Loamy, Desert Shrub"
"NM688",2407072,"R042BB012NM",55,"R042BB011NM",40,3,FALSE,"Sandy, Desert Shrub"
"NM688",2407820,"R042BB018NM",35,"R042BB019NM",25,4,FALSE,"Bottomland, Desert Shrub"
"NM688",2437797,"R042BB008NM",98,"No site",2,2,FALSE,"Gyp Playa, Desert Shrub"
"NM688",2440201,"R042BF020NM",70,"No site",30,2,FALSE,"Limestone Hill, Desert Foothills"
"NM688",2440202,"R070BC001NM",45,"No site",35,3,FALSE,"Gravelly"
"NM688",2440204,"R070BC001NM",85,"No site",15,2,FALSE,"Gravelly"
"NM688",2440223,"R070BC008NM",60,"No site",40,2,FALSE,"Draw"
"NM688",2441661,"R042BB008NM",98,"No site",2,2,FALSE,"Gyp Playa, Desert Shrub"
"NM688",2441662,"R042BB004NM",95,"No site",5,2,FALSE,"Gyp Interdune (Wet), Desert Shrub"
"NM688",2441863,"R042BB033NM",95,"No site",5,2,FALSE,"Salty Bottomland, Desert Shrub"
"NM688",2441871,"R042BB010NM",78,"No site",22,2,FALSE,"Gravelly, Desert Shrub"
"NM688",2450602,"R042BB010NM",55,"R042BB016NM",35,3,FALSE,"Gravelly, Desert Shrub"
"NM688",2455503,"R042BB011NM",45,"R042BB012NM",40,3,FALSE,"Deep Sand, Desert Shrub"
"NM688",2475350,"R070BC001NM",90,"No site",10,2,FALSE,"Gravelly"
"NM688",2484358,"R042BB011NM",47,"R042BB012NM",26,4,FALSE,"Deep Sand, Desert Shrub"
"NM688",2484369,"R042BB016NM",45,"R042BB036NM",35,7,FALSE,"Draw, Desert Shrub"
"NM688",2484399,"R042BB037NM",42,"R042BB016NM",33,3,FALSE,"Malpais, Desert Shrub"
"NM688",2484400,"R042BB014NM",95,"No site",5,2,FALSE,"Loamy, Desert Shrub"
"TX627",2484818,"R042AB735TX",85,"No site",15,2,FALSE,"Gravelly, Hot Desert Shrub"
"TX627",2484863,"R042AB733TX",85,"No site",15,2,FALSE,"Loamy Bottomland, Hot Desert Shrub"
"NM688",2485007,"R042BB001NM",90,"No site",10,2,FALSE,"Alkali Flat, Desert Shrub"
"NM688",2493393,"R070BD004NM",60,"R070BC001NM",30,3,FALSE,"Sandy"
"NM688",2494171,"R042AD007NM",90,"No site",10,2,FALSE,"Gravelly, Dry Mixed Prairie"
"NM688",2494172,"No site",50,"R042BB016NM",50,2,TRUE,NA
"NM688",2502121,"R042BB016NM",65,"R042BB036NM",30,3,FALSE,"Draw, Desert Shrub"
"NM688",2502123,"R042AD007NM",85,"No site",15,2,FALSE,"Gravelly, Dry Mixed Prairie"
"NM688",2502128,"R070BC022NM",95,"No site",5,2,FALSE,"Sandhills"
"NM688",2502129,"R070BB013NM",50,"R042BF020NM",30,3,FALSE,"Gyp Hills"
"NM688",2502130,"R042BB012NM",95,"No site",5,2,FALSE,"Sandy, Desert Shrub"
"NM688",2502133,"R042BF902NM",70,"No site",30,2,FALSE,"Igneous Shrub Savannah, Desert Foothills"
"NM688",2502134,"R042BB012NM",45,"R042BB014NM",35,3,FALSE,"Sandy, Desert Shrub"
"NM688",2502135,"R070BB006NM",61,"R070BC007NM",20,3,FALSE,"Gyp Upland"
"TX627",2504174,"R042AB734TX",42,"No site",41,3,FALSE,"Salty Clay Hill, Hot Desert Shrub"
"TX627",2504177,"R042AB735TX",91,"No site",9,2,FALSE,"Gravelly, Hot Desert Shrub"
"TX627",2504184,"R042AB735TX",70,"No site",30,2,FALSE,"Gravelly, Hot Desert Shrub"
"TX627",2504185,"R042AB738TX",80,"No site",20,2,FALSE,"Loamy, Hot Desert Shrub"
"TX627",2504189,"R042BB018NM",72,"No site",28,2,FALSE,"Bottomland, Desert Shrub"
"TX627",2504190,"R042BB012NM",80,"No site",20,2,FALSE,"Sandy, Desert Shrub"
"TX627",2505601,"R042AB742TX",90,"No site",10,2,FALSE,"Loamy Sand, Hot Desert Shrub"
"TX627",2511633,"R042BB023NM",42,"No site",41,3,FALSE,"Clayey, Desert Shrub"
"TX627",2511634,"R042BB024NM",60,"No site",40,2,FALSE,"Gravelly Sand, Desert Shrub"
"NM688",2646830,"R070BD004NM",85,"No site",15,2,FALSE,"Sandy"
"NM688",2646832,"R042BB007NM",45,"R042BB006NM",25,4,FALSE,"Gyp Outcrop, Desert Shrub"
"NM688",2646833,"R042BB008NM",55,"R042BB001NM",35,3,FALSE,"Gyp Playa, Desert Shrub"
"NM688",2646834,"R042BB033NM",40,"R042BB007NM",35,3,FALSE,"Salty Bottomland, Desert Shrub"
"NM688",2646835,"R042BB008NM",95,"No site",5,2,FALSE,"Gyp Playa, Desert Shrub"
"NM688",2646836,"R042BB008NM",80,"R042BB001NM",15,3,FALSE,"Gyp Playa, Desert Shrub"
"NM688",2646837,"R042BB003NM",50,"R042BB004NM",40,3,FALSE,"Vegetated Gypsum Dunes, Desert Shrub"
"NM688",2646845,"R042BB005NM",36,"R042BB003NM",35,4,FALSE,"Gyp Interdune (Dry), Desert Shrub"
"NM688",2646846,"R042BB001NM",45,"R042BB003NM",30,4,FALSE,"Alkali Flat, Desert Shrub"
"NM688",2646848,"R042BB006NM",96,"No site",2,4,FALSE,"Gyp Upland, Desert Shrub"
"NM688",2646849,"R042BB028NM",55,"R042BB005NM",40,3,FALSE,"Salt Meadow, Desert Shrub"
"NM688",2646850,"R042BB014NM",53,"R042BB015NM",35,3,FALSE,"Loamy, Desert Shrub"
"NM781",2646851,"R042BB008NM",55,"R042BB001NM",35,3,FALSE,"Gyp Playa, Desert Shrub"
"NM781",2646852,"R042BB033NM",40,"R042BB007NM",35,3,FALSE,"Salty Bottomland, Desert Shrub"
"NM781",2646853,"R042BB008NM",95,"No site",5,2,FALSE,"Gyp Playa, Desert Shrub"
"NM781",2646854,"R042BB007NM",45,"R042BB006NM",25,4,FALSE,"Gyp Outcrop, Desert Shrub"
"NM781",2646855,"R042BB008NM",80,"R042BB001NM",15,3,FALSE,"Gyp Playa, Desert Shrub"
"NM781",2646856,"R042BB003NM",50,"R042BB004NM",40,3,FALSE,"Vegetated Gypsum Dunes, Desert Shrub"
"NM781",2646857,"R042BB008NM",86,"No site",14,2,FALSE,"Gyp Playa, Desert Shrub"
"NM781",2646858,"R042BB006NM",90,"No site",10,2,FALSE,"Gyp Upland, Desert Shrub"
"NM781",2646859,"R042BB003NM",40,"R042BB008NM",35,3,FALSE,"Vegetated Gypsum Dunes, Desert Shrub"
"NM781",2646860,"R042BB005NM",60,"R042BB003NM",35,3,FALSE,"Gyp Interdune (Dry), Desert Shrub"
"NM781",2646861,"R042BB008NM",90,"No site",10,2,FALSE,"Gyp Playa, Desert Shrub"
"NM781",2646862,"R042BB007NM",73,"R042BB006NM",18,3,FALSE,"Gyp Outcrop, Desert Shrub"
"NM781",2646863,"R042BB003NM",50,"R042BB005NM",25,4,FALSE,"Vegetated Gypsum Dunes, Desert Shrub"
"NM781",2646864,"R042BB007NM",50,"R042BB005NM",30,4,FALSE,"Gyp Outcrop, Desert Shrub"
"NM781",2646865,"R042BB005NM",36,"R042BB003NM",35,4,FALSE,"Gyp Interdune (Dry), Desert Shrub"
"NM781",2646866,"R042BB001NM",45,"R042BB003NM",30,4,FALSE,"Alkali Flat, Desert Shrub"
"NM781",2646867,"R042BB008NM",95,"No site",5,2,FALSE,"Gyp Playa, Desert Shrub"
"NM781",2646868,"R042BB006NM",96,"No site",2,4,FALSE,"Gyp Upland, Desert Shrub"
"NM781",2646869,"R042BB028NM",55,"R042BB005NM",40,3,FALSE,"Salt Meadow, Desert Shrub"
"NM781",2646870,"R042BB007NM",94,"R042BB006NM",5,3,FALSE,"Gyp Outcrop, Desert Shrub"
"NM781",2646871,"R042BB023NM",32,"R042BB014NM",31,4,FALSE,"Clayey, Desert Shrub"
"NM781",2646872,"R042BB006NM",51,"R042BB014NM",26,5,FALSE,"Gyp Upland, Desert Shrub"
"NM781",2646873,"R042BB007NM",95,"No site",5,2,FALSE,"Gyp Outcrop, Desert Shrub"
"NM781",2646874,"R042BE063NM",70,"R042BB036NM",15,4,FALSE,"Gyp Upland, Cool Desert Grassland"
"NM781",2646875,"R042BB001NM",90,"No site",10,2,FALSE,"Alkali Flat, Desert Shrub"
"NM781",2646876,"R042BB018NM",35,"R042BB019NM",25,4,FALSE,"Bottomland, Desert Shrub"
"NM781",2646877,"R042BB008NM",98,"No site",2,2,FALSE,"Gyp Playa, Desert Shrub"
"NM781",2646878,"R042BB006NM",98,"R042BB007NM",2,2,FALSE,"Gyp Upland, Desert Shrub"
"NM781",2646879,"R042BB002NM",45,"R042BB003NM",40,3,FALSE,"Gyp Duneland Barren, Desert Shrub"
"NM781",2646880,"R042BB005NM",70,"R042BB003NM",25,3,FALSE,"Gyp Interdune (Dry), Desert Shrub"
"NM781",2646881,"R042BB002NM",95,"No site",5,2,FALSE,"Gyp Duneland Barren, Desert Shrub"
"NM781",2646882,"R042BB008NM",98,"No site",2,2,FALSE,"Gyp Playa, Desert Shrub"
"NM781",2646883,"R042BB002NM",71,"R042BB004NM",20,3,FALSE,"Gyp Duneland Barren, Desert Shrub"
"NM781",2646884,"R042BB010NM",55,"R042BB016NM",35,3,FALSE,"Gravelly, Desert Shrub"
"NM781",2646885,"R042BB010NM",78,"No site",22,2,FALSE,"Gravelly, Desert Shrub"
"NM781",2646886,"R042BB007NM",87,"No site",13,2,FALSE,"Gyp Outcrop, Desert Shrub"
"NM781",2646887,"R042BB036NM",70,"R042BB033NM",25,6,FALSE,"Salt Flats, Desert Shrub"
"NM781",2646888,"R042BB006NM",86,"R042BB007NM",8,7,FALSE,"Gyp Upland, Desert Shrub"
"NM781",2646889,"R042BB003NM",50,"R042BB005NM",40,3,FALSE,"Vegetated Gypsum Dunes, Desert Shrub"
